start_date_raw,start_time,end_date_raw,team,event_name,venue,venue_address,url,source
2026/12/06,,,水泳部（競泳）,ジャパンオープン2026（３日目）,東京アクアティクスセンター,東京都江東区辰巳2-2-1,https://meisupo.net/result/49032/,meisupo.net
2026/12/05,,,水泳部（競泳）,ジャパンオープン2026（２日目）,東京アクアティクスセンター,東京都江東区辰巳2-2-1,https://meisupo.net/result/49030/,meisupo.net
2026/12/04,,,水泳部（競泳）,ジャパンオープン2026（１日目）,東京アクアティクスセンター,東京都江東区辰巳2-2-1,https://meisupo.net/result/49028/,meisupo.net
2026/11/15,,,空手部,第70回全日本大学選手権,日本武道館,東京都千代田区北の丸公園2-3,https://meisupo.net/result/49166/,meisupo.net
2026/11/07,,,サッカー部,関東大学１部リーグ戦第21節,ダイドードリンコアイスアリーナ,東京都西東京市東伏見3-1-25,https://meisupo.net/result/50824/,meisupo.net
2026/11/07,,,硬式庭球部,関東学生テニス選手権大会,ダイドードリンコアイスアリーナ,東京都西東京市東伏見3-1-25,https://meisupo.net/result/53522/,meisupo.net
2026/11/06,,,硬式庭球部,関東学生テニス選手権大会,ダイドードリンコアイスアリーナ,東京都西東京市東伏見3-1-25,https://meisupo.net/result/53520/,meisupo.net
2026/11/05,,,硬式庭球部,関東学生テニス選手権大会,ダイドードリンコアイスアリーナ,東京都西東京市東伏見3-1-25,https://meisupo.net/result/53518/,meisupo.net
2026/11/04,,,硬式庭球部,関東学生テニス選手権大会,有明テニスの森,東京都江東区有明2-2-22,https://meisupo.net/result/53516/,meisupo.net
2026/11/03,,,サッカー部,関東大学１部リーグ戦第20節,ダイドードリンコアイスアリーナ,東京都西東京市東伏見3-1-25,https://meisupo.net/result/50822/,meisupo.net
2026/11/03,,,硬式庭球部,関東学生テニス選手権大会,ダイドードリンコアイスアリーナ,東京都西東京市東伏見3-1-25,https://meisupo.net/result/53514/,meisupo.net
2026/11/02,,,硬式庭球部,関東学生テニス選手権大会,有明テニスの森,東京都江東区有明2-2-22,https://meisupo.net/result/53512/,meisupo.net
2026/11/01,,,空手部,第37回関東および東日本学生体重別選手権,東京武道館,東京都足立区綾瀬3-20-1,https://meisupo.net/result/50686/,meisupo.net
2026/11/01,,,硬式野球部,東京六大学秋季リーグ戦　対立大２回戦,神宮球場,新宿区霞ヶ丘町3-1,https://meisupo.net/result/52411/,meisupo.net
2026/11/01,,,卓球部,全日本大学総合選手権・個人の部,あいハウジングアリーナ松元,,https://meisupo.net/result/53312/,meisupo.net
2026/11/01,,,硬式庭球部,関東学生テニス選手権大会,有明テニスの森,東京都江東区有明2-2-22,https://meisupo.net/result/53509/,meisupo.net
2026/10/31,,,サッカー部,関東大学１部リーグ戦第19節,明大八幡山グラウンド,東京都世田谷区八幡山2-18-10,https://meisupo.net/result/50820/,meisupo.net
2026/10/31,,,硬式野球部,東京六大学秋季リーグ戦　対立大１回戦,神宮球場,新宿区霞ヶ丘町3-1,https://meisupo.net/result/52408/,meisupo.net
2026/10/31,,,硬式庭球部,関東学生テニス選手権大会,有明テニスの森,東京都江東区有明2-2-22,https://meisupo.net/result/53506/,meisupo.net
2026/10/28,,,馬術部,全日本学生三大大会,馬事公苑,東京都世田谷区上用賀2-1-1,https://meisupo.net/result/53547/,meisupo.net
2026/10/25,,,射撃部,全日本学生選手権大会,能勢ライフル射撃場,大阪府豊能郡能勢町山内19-1,https://meisupo.net/result/49456/,meisupo.net
2026/10/25,,,柔道部,全日本学生体重別団体優勝大会,ベイコム総合体育館,兵庫県尼崎市西長洲町1-4-1,https://meisupo.net/result/53542/,meisupo.net
2026/10/24,,,射撃部,全日本学生選手権大会,能勢ライフル射撃場,大阪府豊能郡能勢町山内19-1,https://meisupo.net/result/49454/,meisupo.net
2026/10/24,,,サッカー部,関東大学１部リーグ戦第18節,ダイドードリンコアイスアリーナ,東京都西東京市東伏見3-1-25,https://meisupo.net/result/50818/,meisupo.net
2026/10/24,,,柔道部,全日本学生体重別団体優勝大会,ベイコム総合体育館,兵庫県尼崎市西長洲町1-4-1,https://meisupo.net/result/53535/,meisupo.net
2026/10/23,,,射撃部,全日本学生選手権大会,能勢ライフル射撃場,大阪府豊能郡能勢町山内19-1,https://meisupo.net/result/49452/,meisupo.net
2026/10/22,,,射撃部,全日本学生選手権大会,能勢ライフル射撃場,大阪府豊能郡能勢町山内19-1,https://meisupo.net/result/49450/,meisupo.net
2026/10/21,,,サッカー部,関東大学１部リーグ戦第17節,ダイドードリンコアイスアリーナ,東京都西東京市東伏見3-1-25,https://meisupo.net/result/50816/,meisupo.net
2026/10/19,,,バドミントン部,全日本学生選手権　混合ダブルス１～３回戦,いしかわ総合スポーツセンター,石川県金沢市稚日野町北222,https://meisupo.net/result/53443/,meisupo.net
2026/10/18,,,ヨット部,全日本学生選手権,新西宮ヨットハーバー,兵庫県西宮市西宮浜4丁目16−1,https://meisupo.net/result/49215/,meisupo.net
2026/10/18,,,硬式野球部,東京六大学秋季リーグ戦　対慶大２回戦,神宮球場,新宿区霞ヶ丘町3-1,https://meisupo.net/result/52406/,meisupo.net
2026/10/18,,,拳法部,全日本学生個人選手権,名古屋市千種スポーツセンター,,https://meisupo.net/result/53392/,meisupo.net
2026/10/18,,,バドミントン部,全日本学生選手権　男女ダブルス１～３回戦,いしかわ総合スポーツセンター,石川県金沢市稚日野町北222,https://meisupo.net/result/53440/,meisupo.net
2026/10/18,,,体育会 バスケットボール（男子）部,関東大学１部リーグ戦,日大八幡山体育館,,https://meisupo.net/result/53889/,meisupo.net
2026/10/17,,,体育会 バスケットボール（男子）部,関東大学１部リーグ戦,白鷗大大行寺キャンパス,栃木県小山市大行寺1117,https://meisupo.net/result/53887/,meisupo.net
2026/10/17,,,競走部,第103回東京箱根間往復大学駅伝競走（箱根駅伝）予選会,陸上自衛隊立川駐屯地〜立川市街地〜国営昭和記念公園,,https://meisupo.net/result/54044/,meisupo.net
2026/10/17,,,サッカー部,関東大学１部リーグ戦第16節,明大八幡山グラウンド,東京都世田谷区八幡山2-18-10,https://meisupo.net/result/50814/,meisupo.net
2026/10/17,,,硬式野球部,東京六大学秋季リーグ戦　対慶大１回戦,神宮球場,新宿区霞ヶ丘町3-1,https://meisupo.net/result/52404/,meisupo.net
2026/10/17,,,バドミントン部,全日本学生選手権　男女シングルス１～３回戦,いしかわ総合スポーツセンター,石川県金沢市稚日野町北222,https://meisupo.net/result/53438/,meisupo.net
2026/10/12,,,空手部,第69回関東大学選手権,日本武道館,東京都千代田区北の丸公園2-3,https://meisupo.net/result/49164/,meisupo.net
2026/10/12,,,ホッケー部,エイワ杯関東大学リーグ戦,ダイドードリンコアイスアリーナ,東京都西東京市東伏見3-1-25,https://meisupo.net/result/51950/,meisupo.net
2026/10/11,,,ヨット部,全日本個人選手権,新西宮ヨットハーバー,兵庫県西宮市西宮浜4丁目16−1,https://meisupo.net/result/49213/,meisupo.net
2026/10/11,,,硬式野球部,東京六大学秋季リーグ戦　対法大２回戦,神宮球場,新宿区霞ヶ丘町3-1,https://meisupo.net/result/52402/,meisupo.net
2026/10/11,,,体育会 バスケットボール（男子）部,関東大学１部リーグ戦,東海大湘南校舎総合体育館,,https://meisupo.net/result/53883/,meisupo.net
2026/10/11,,,体育会 バスケットボール（女子）部,関東大学２部Ａリーグ戦,ダイドードリンコアイスアリーナ,東京都西東京市東伏見3-1-25,https://meisupo.net/result/53885/,meisupo.net
2026/10/10,,,体育会 バスケットボール（男子）部,関東大学１部リーグ戦,ダイドードリンコアイスアリーナ,東京都西東京市東伏見3-1-25,https://meisupo.net/result/53879/,meisupo.net
2026/10/10,,,体育会 バスケットボール（女子）部,関東大学２部Ａリーグ戦,ダイドードリンコアイスアリーナ,東京都西東京市東伏見3-1-25,https://meisupo.net/result/53881/,meisupo.net
2026/10/10,,,サッカー部,関東大学１部リーグ戦第15節,明大八幡山グラウンド,東京都世田谷区八幡山2-18-10,https://meisupo.net/result/50812/,meisupo.net
2026/10/10,,,硬式野球部,東京六大学秋季リーグ戦　対法大１回戦,神宮球場,新宿区霞ヶ丘町3-1,https://meisupo.net/result/52398/,meisupo.net
2026/10/04,,,ハンドボール部,関東学生秋季リーグ戦　第９戦,国士舘多摩体育館,,https://meisupo.net/result/53135/,meisupo.net
2026/10/04,,,拳法部,東日本学生選手権,慶大日吉記念館,,https://meisupo.net/result/53390/,meisupo.net
2026/10/04,,,体育会 フィギュアスケート部,東京選手権（男子ＦＳ）,田中貴金属アイスアリーナ,,https://meisupo.net/result/53410/,meisupo.net
2026/10/04,,,体育会 バスケットボール（男子）部,関東大学１部リーグ戦,日大八幡山体育館,,https://meisupo.net/result/53875/,meisupo.net
2026/10/04,,,体育会 バスケットボール（女子）部,関東大学２部Ａリーグ戦,ダイドードリンコアイスアリーナ,東京都西東京市東伏見3-1-25,https://meisupo.net/result/53877/,meisupo.net
2026/10/03,,,サッカー部,関東大学１部リーグ戦第14節,明大八幡山グラウンド,東京都世田谷区八幡山2-18-10,https://meisupo.net/result/50810/,meisupo.net
2026/10/03,,,ホッケー部,エイワ杯関東大学リーグ戦,ダイドードリンコアイスアリーナ,東京都西東京市東伏見3-1-25,https://meisupo.net/result/51948/,meisupo.net
2026/10/03,,,ハンドボール部,関東学生秋季リーグ戦　第８戦,中大多摩キャンパス,東京都日野市程久保5-9-2,https://meisupo.net/result/53133/,meisupo.net
2026/10/03,,,体育会 フィギュアスケート部,東京選手権（男子ＳＰ）,田中貴金属アイスアリーナ,,https://meisupo.net/result/53406/,meisupo.net
2026/10/03,,,体育会 フィギュアスケート部,東京選手権（女子ＦＳ）,田中貴金属アイスアリーナ,,https://meisupo.net/result/53408/,meisupo.net
2026/10/03,,,体育会 バスケットボール（男子）部,関東大学１部リーグ戦,日大八幡山体育館,,https://meisupo.net/result/53871/,meisupo.net
2026/10/03,,,体育会 バスケットボール（女子）部,関東大学２部Ａリーグ戦,ダイドードリンコアイスアリーナ,東京都西東京市東伏見3-1-25,https://meisupo.net/result/53873/,meisupo.net
